day,train_id,train,direction,from_station,to_station,departure_time,arrival_time,status,replacement_train_id
Friday,TRAIN-01,TRAIN-01,ALUVA_TO_TRIPUNITHURA,Aluva,Tripunithura Terminal,06:00:00,06:48:00,ACTIVE,
Friday,TRAIN-02,TRAIN-02,ALUVA_TO_TRIPUNITHURA,Aluva,Tripunithura Terminal,06:08:00,06:56:00,ACTIVE,
Friday,TRAIN-03,TRAIN-03,ALUVA_TO_TRIPUNITHURA,Aluva,Tripunithura Terminal,06:17:00,07:05:00,ACTIVE,
Friday,TRAIN-04,TRAIN-04,ALUVA_TO_TRIPUNITHURA,Aluva,Tripunithura Terminal,06:25:00,07:13:00,ACTIVE,
Friday,TRAIN-05,TRAIN-05,ALUVA_TO_TRIPUNITHURA,Aluva,Tripunithura Terminal,06:34:00,07:22:00,ACTIVE,
Friday,TRAIN-06,TRAIN-06,ALUVA_TO_TRIPUNITHURA,Aluva,Tripunithura Terminal,06:42:00,07:30:00,ACTIVE,
Friday,TRAIN-07,TRAIN-07,ALUVA_TO_TRIPUNITHURA,Aluva,Tripunithura Terminal,06:51:00,07:39:00,ACTIVE,
Friday,TRAIN-08,TRAIN-08,ALUVA_TO_TRIPUNITHURA,Aluva,Tripunithura Terminal,06:59:00,07:47:00,ACTIVE,
Friday,TRAIN-09,TRAIN-09,ALUVA_TO_TRIPUNITHURA,Aluva,Tripunithura Terminal,07:00:00,07:48:00,ACTIVE,
Friday,TRAIN-10,TRAIN-10,ALUVA_TO_TRIPUNITHURA,Aluva,Tripunithura Terminal,07:06:00,07:54:00,ACTIVE,
Friday,TRAIN-11,TRAIN-11,ALUVA_TO_TRIPUNITHURA,Aluva,Tripunithura Terminal,07:13:00,08:01:00,ACTIVE,
Friday,TRAIN-12,TRAIN-12,ALUVA_TO_TRIPUNITHURA,Aluva,Tripunithura Terminal,07:20:00,08:08:00,ACTIVE,
Friday,TRAIN-13,TRAIN-13,ALUVA_TO_TRIPUNITHURA,Aluva,Tripunithura Terminal,07:27:00,08:15:00,ACTIVE,
Friday,TRAIN-14,TRAIN-14,ALUVA_TO_TRIPUNITHURA,Aluva,Tripunithura Terminal,07:33:00,08:21:00,ACTIVE,
Friday,TRAIN-15,TRAIN-15,ALUVA_TO_TRIPUNITHURA,Aluva,Tripunithura Terminal,07:40:00,08:28:00,ACTIVE,
Friday,TRAIN-16,TRAIN-16,ALUVA_TO_TRIPUNITHURA,Aluva,Tripunithura Terminal,07:47:00,08:35:00,ACTIVE,
Friday,TRAIN-17,TRAIN-17,ALUVA_TO_TRIPUNITHURA,Aluva,Tripunithura Terminal,07:54:00,08:42:00,ACTIVE,
Friday,TRAIN-18,TRAIN-18,ALUVA_TO_TRIPUNITHURA,Aluva,Tripunithura Terminal,08:00:00,08:48:00,ACTIVE,
Friday,TRAIN-19,TRAIN-19,ALUVA_TO_TRIPUNITHURA,Aluva,Tripunithura Terminal,08:07:00,08:55:00,ACTIVE,
Friday,TRAIN-20,TRAIN-20,ALUVA_TO_TRIPUNITHURA,Aluva,Tripunithura Terminal,08:14:00,09:02:00,ACTIVE,
Friday,TRAIN-21,TRAIN-21,ALUVA_TO_TRIPUNITHURA,Aluva,Tripunithura Terminal,08:21:00,09:09:00,ACTIVE,
Friday,TRAIN-22,TRAIN-22,ALUVA_TO_TRIPUNITHURA,Aluva,Tripunithura Terminal,08:27:00,09:15:00,ACTIVE,
Friday,TRAIN-23,TRAIN-23,ALUVA_TO_TRIPUNITHURA,Aluva,Tripunithura Terminal,08:34:00,09:22:00,ACTIVE,
Friday,TRAIN-24,TRAIN-24,ALUVA_TO_TRIPUNITHURA,Aluva,Tripunithura Terminal,08:41:00,09:29:00,ACTIVE,
Friday,TRAIN-25,TRAIN-25,ALUVA_TO_TRIPUNITHURA,Aluva,Tripunithura Terminal,08:48:00,09:36:00,ACTIVE,
Friday,TRAIN-01,TRAIN-01,ALUVA_TO_TRIPUNITHURA,Aluva,Tripunithura Terminal,08:54:00,09:42:00,ACTIVE,
Friday,TRAIN-02,TRAIN-02,ALUVA_TO_TRIPUNITHURA,Aluva,Tripunithura Terminal,09:00:00,09:48:00,ACTIVE,
Friday,TRAIN-03,TRAIN-03,ALUVA_TO_TRIPUNITHURA,Aluva,Tripunithura Terminal,09:08:00,09:56:00,ACTIVE,
Friday,TRAIN-04,TRAIN-04,ALUVA_TO_TRIPUNITHURA,Aluva,Tripunithura Terminal,09:17:00,10:05:00,ACTIVE,
Friday,TRAIN-05,TRAIN-05,ALUVA_TO_TRIPUNITHURA,Aluva,Tripunithura Terminal,09:25:00,10:13:00,ACTIVE,
Friday,TRAIN-06,TRAIN-06,ALUVA_TO_TRIPUNITHURA,Aluva,Tripunithura Terminal,09:34:00,10:22:00,ACTIVE,
Friday,TRAIN-07,TRAIN-07,ALUVA_TO_TRIPUNITHURA,Aluva,Tripunithura Terminal,09:42:00,10:30:00,ACTIVE,
Friday,TRAIN-08,TRAIN-08,ALUVA_TO_TRIPUNITHURA,Aluva,Tripunithura Terminal,09:51:00,10:39:00,ACTIVE,
Friday,TRAIN-09,TRAIN-09,ALUVA_TO_TRIPUNITHURA,Aluva,Tripunithura Terminal,09:59:00,10:47:00,ACTIVE,
Friday,TRAIN-10,TRAIN-10,ALUVA_TO_TRIPUNITHURA,Aluva,Tripunithura Terminal,10:08:00,10:56:00,ACTIVE,
Friday,TRAIN-11,TRAIN-11,ALUVA_TO_TRIPUNITHURA,Aluva,Tripunithura Terminal,10:16:00,11:04:00,ACTIVE,
Friday,TRAIN-12,TRAIN-12,ALUVA_TO_TRIPUNITHURA,Aluva,Tripunithura Terminal,10:25:00,11:13:00,ACTIVE,
Friday,TRAIN-13,TRAIN-13,ALUVA_TO_TRIPUNITHURA,Aluva,Tripunithura Terminal,10:33:00,11:21:00,ACTIVE,
Friday,TRAIN-14,TRAIN-14,ALUVA_TO_TRIPUNITHURA,Aluva,Tripunithura Terminal,10:42:00,11:30:00,ACTIVE,
Friday,TRAIN-15,TRAIN-15,ALUVA_TO_TRIPUNITHURA,Aluva,Tripunithura Terminal,10:50:00,11:38:00,ACTIVE,
Friday,TRAIN-16,TRAIN-16,ALUVA_TO_TRIPUNITHURA,Aluva,Tripunithura Terminal,10:59:00,11:47:00,ACTIVE,
Friday,TRAIN-17,TRAIN-17,ALUVA_TO_TRIPUNITHURA,Aluva,Tripunithura Terminal,11:00:00,11:48:00,ACTIVE,
Friday,TRAIN-18,TRAIN-18,ALUVA_TO_TRIPUNITHURA,Aluva,Tripunithura Terminal,11:10:00,11:58:00,ACTIVE,
Friday,TRAIN-19,TRAIN-19,ALUVA_TO_TRIPUNITHURA,Aluva,Tripunithura Terminal,11:20:00,12:08:00,ACTIVE,
Friday,TRAIN-20,TRAIN-20,ALUVA_TO_TRIPUNITHURA,Aluva,Tripunithura Terminal,11:30:00,12:18:00,ACTIVE,
Friday,TRAIN-21,TRAIN-21,ALUVA_TO_TRIPUNITHURA,Aluva,Tripunithura Terminal,11:40:00,12:28:00,ACTIVE,
Friday,TRAIN-22,TRAIN-22,ALUVA_TO_TRIPUNITHURA,Aluva,Tripunithura Terminal,11:50:00,12:38:00,ACTIVE,
Friday,TRAIN-23,TRAIN-23,ALUVA_TO_TRIPUNITHURA,Aluva,Tripunithura Terminal,12:00:00,12:48:00,ACTIVE,
Friday,TRAIN-24,TRAIN-24,ALUVA_TO_TRIPUNITHURA,Aluva,Tripunithura Terminal,12:10:00,12:58:00,ACTIVE,
Friday,TRAIN-25,TRAIN-25,ALUVA_TO_TRIPUNITHURA,Aluva,Tripunithura Terminal,12:20:00,13:08:00,ACTIVE,
Friday,TRAIN-01,TRAIN-01,ALUVA_TO_TRIPUNITHURA,Aluva,Tripunithura Terminal,12:30:00,13:18:00,ACTIVE,
Friday,TRAIN-02,TRAIN-02,ALUVA_TO_TRIPUNITHURA,Aluva,Tripunithura Terminal,12:40:00,13:28:00,ACTIVE,
Friday,TRAIN-03,TRAIN-03,ALUVA_TO_TRIPUNITHURA,Aluva,Tripunithura Terminal,12:50:00,13:38:00,ACTIVE,
Friday,TRAIN-04,TRAIN-04,ALUVA_TO_TRIPUNITHURA,Aluva,Tripunithura Terminal,13:00:00,13:48:00,ACTIVE,
Friday,TRAIN-05,TRAIN-05,ALUVA_TO_TRIPUNITHURA,Aluva,Tripunithura Terminal,13:10:00,13:58:00,ACTIVE,
Friday,TRAIN-06,TRAIN-06,ALUVA_TO_TRIPUNITHURA,Aluva,Tripunithura Terminal,13:20:00,14:08:00,ACTIVE,
Friday,TRAIN-07,TRAIN-07,ALUVA_TO_TRIPUNITHURA,Aluva,Tripunithura Terminal,13:30:00,14:18:00,ACTIVE,
Friday,TRAIN-08,TRAIN-08,ALUVA_TO_TRIPUNITHURA,Aluva,Tripunithura Terminal,13:40:00,14:28:00,ACTIVE,
Friday,TRAIN-09,TRAIN-09,ALUVA_TO_TRIPUNITHURA,Aluva,Tripunithura Terminal,13:50:00,14:38:00,ACTIVE,
Friday,TRAIN-10,TRAIN-10,ALUVA_TO_TRIPUNITHURA,Aluva,Tripunithura Terminal,14:00:00,14:48:00,ACTIVE,
Friday,TRAIN-11,TRAIN-11,ALUVA_TO_TRIPUNITHURA,Aluva,Tripunithura Terminal,14:10:00,14:58:00,ACTIVE,
Friday,TRAIN-12,TRAIN-12,ALUVA_TO_TRIPUNITHURA,Aluva,Tripunithura Terminal,14:20:00,15:08:00,ACTIVE,
Friday,TRAIN-13,TRAIN-13,ALUVA_TO_TRIPUNITHURA,Aluva,Tripunithura Terminal,14:30:00,15:18:00,ACTIVE,
Friday,TRAIN-14,TRAIN-14,ALUVA_TO_TRIPUNITHURA,Aluva,Tripunithura Terminal,14:40:00,15:28:00,ACTIVE,
Friday,TRAIN-15,TRAIN-15,ALUVA_TO_TRIPUNITHURA,Aluva,Tripunithura Terminal,14:50:00,15:38:00,ACTIVE,
Friday,TRAIN-16,TRAIN-16,ALUVA_TO_TRIPUNITHURA,Aluva,Tripunithura Terminal,15:00:00,15:48:00,ACTIVE,
Friday,TRAIN-17,TRAIN-17,ALUVA_TO_TRIPUNITHURA,Aluva,Tripunithura Terminal,15:10:00,15:58:00,ACTIVE,
Friday,TRAIN-18,TRAIN-18,ALUVA_TO_TRIPUNITHURA,Aluva,Tripunithura Terminal,15:20:00,16:08:00,ACTIVE,
Friday,TRAIN-19,TRAIN-19,ALUVA_TO_TRIPUNITHURA,Aluva,Tripunithura Terminal,15:30:00,16:18:00,ACTIVE,
Friday,TRAIN-20,TRAIN-20,ALUVA_TO_TRIPUNITHURA,Aluva,Tripunithura Terminal,15:40:00,16:28:00,ACTIVE,
Friday,TRAIN-21,TRAIN-21,ALUVA_TO_TRIPUNITHURA,Aluva,Tripunithura Terminal,15:50:00,16:38:00,ACTIVE,
Friday,TRAIN-22,TRAIN-22,ALUVA_TO_TRIPUNITHURA,Aluva,Tripunithura Terminal,16:00:00,16:48:00,ACTIVE,
Friday,TRAIN-23,TRAIN-23,ALUVA_TO_TRIPUNITHURA,Aluva,Tripunithura Terminal,16:10:00,16:58:00,ACTIVE,
Friday,TRAIN-24,TRAIN-24,ALUVA_TO_TRIPUNITHURA,Aluva,Tripunithura Terminal,16:20:00,17:08:00,ACTIVE,
Friday,TRAIN-25,TRAIN-25,ALUVA_TO_TRIPUNITHURA,Aluva,Tripunithura Terminal,16:30:00,17:18:00,ACTIVE,
Friday,TRAIN-01,TRAIN-01,ALUVA_TO_TRIPUNITHURA,Aluva,Tripunithura Terminal,16:40:00,17:28:00,ACTIVE,
Friday,TRAIN-02,TRAIN-02,ALUVA_TO_TRIPUNITHURA,Aluva,Tripunithura Terminal,16:50:00,17:38:00,ACTIVE,
Friday,TRAIN-03,TRAIN-03,ALUVA_TO_TRIPUNITHURA,Aluva,Tripunithura Terminal,17:00:00,17:48:00,ACTIVE,
Friday,TRAIN-04,TRAIN-04,ALUVA_TO_TRIPUNITHURA,Aluva,Tripunithura Terminal,17:06:00,17:54:00,ACTIVE,
Friday,TRAIN-05,TRAIN-05,ALUVA_TO_TRIPUNITHURA,Aluva,Tripunithura Terminal,17:13:00,18:01:00,ACTIVE,
Friday,TRAIN-06,TRAIN-06,ALUVA_TO_TRIPUNITHURA,Aluva,Tripunithura Terminal,17:20:00,18:08:00,ACTIVE,
Friday,TRAIN-07,TRAIN-07,ALUVA_TO_TRIPUNITHURA,Aluva,Tripunithura Terminal,17:27:00,18:15:00,ACTIVE,
Friday,TRAIN-08,TRAIN-08,ALUVA_TO_TRIPUNITHURA,Aluva,Tripunithura Terminal,17:33:00,18:21:00,ACTIVE,
Friday,TRAIN-09,TRAIN-09,ALUVA_TO_TRIPUNITHURA,Aluva,Tripunithura Terminal,17:40:00,18:28:00,ACTIVE,
Friday,TRAIN-10,TRAIN-10,ALUVA_TO_TRIPUNITHURA,Aluva,Tripunithura Terminal,17:47:00,18:35:00,ACTIVE,
Friday,TRAIN-11,TRAIN-11,ALUVA_TO_TRIPUNITHURA,Aluva,Tripunithura Terminal,17:54:00,18:42:00,ACTIVE,
Friday,TRAIN-12,TRAIN-12,ALUVA_TO_TRIPUNITHURA,Aluva,Tripunithura Terminal,18:00:00,18:48:00,ACTIVE,
Friday,TRAIN-13,TRAIN-13,ALUVA_TO_TRIPUNITHURA,Aluva,Tripunithura Terminal,18:07:00,18:55:00,ACTIVE,
Friday,TRAIN-14,TRAIN-14,ALUVA_TO_TRIPUNITHURA,Aluva,Tripunithura Terminal,18:14:00,19:02:00,ACTIVE,
Friday,TRAIN-15,TRAIN-15,ALUVA_TO_TRIPUNITHURA,Aluva,Tripunithura Terminal,18:21:00,19:09:00,ACTIVE,
Friday,TRAIN-16,TRAIN-16,ALUVA_TO_TRIPUNITHURA,Aluva,Tripunithura Terminal,18:27:00,19:15:00,ACTIVE,
Friday,TRAIN-17,TRAIN-17,ALUVA_TO_TRIPUNITHURA,Aluva,Tripunithura Terminal,18:34:00,19:22:00,ACTIVE,
Friday,TRAIN-18,TRAIN-18,ALUVA_TO_TRIPUNITHURA,Aluva,Tripunithura Terminal,18:41:00,19:29:00,ACTIVE,
Friday,TRAIN-19,TRAIN-19,ALUVA_TO_TRIPUNITHURA,Aluva,Tripunithura Terminal,18:48:00,19:36:00,ACTIVE,
Friday,TRAIN-20,TRAIN-20,ALUVA_TO_TRIPUNITHURA,Aluva,Tripunithura Terminal,18:54:00,19:42:00,ACTIVE,
Friday,TRAIN-21,TRAIN-21,ALUVA_TO_TRIPUNITHURA,Aluva,Tripunithura Terminal,19:01:00,19:49:00,ACTIVE,
Friday,TRAIN-22,TRAIN-22,ALUVA_TO_TRIPUNITHURA,Aluva,Tripunithura Terminal,19:08:00,19:56:00,ACTIVE,
Friday,TRAIN-23,TRAIN-23,ALUVA_TO_TRIPUNITHURA,Aluva,Tripunithura Terminal,19:15:00,20:03:00,ACTIVE,
Friday,TRAIN-24,TRAIN-24,ALUVA_TO_TRIPUNITHURA,Aluva,Tripunithura Terminal,19:21:00,20:09:00,ACTIVE,
Friday,TRAIN-25,TRAIN-25,ALUVA_TO_TRIPUNITHURA,Aluva,Tripunithura Terminal,19:28:00,20:16:00,ACTIVE,
Friday,TRAIN-01,TRAIN-01,ALUVA_TO_TRIPUNITHURA,Aluva,Tripunithura Terminal,19:35:00,20:23:00,ACTIVE,
Friday,TRAIN-02,TRAIN-02,ALUVA_TO_TRIPUNITHURA,Aluva,Tripunithura Terminal,19:42:00,20:30:00,ACTIVE,
Friday,TRAIN-03,TRAIN-03,ALUVA_TO_TRIPUNITHURA,Aluva,Tripunithura Terminal,19:48:00,20:36:00,ACTIVE,
Friday,TRAIN-04,TRAIN-04,ALUVA_TO_TRIPUNITHURA,Aluva,Tripunithura Terminal,19:55:00,20:43:00,ACTIVE,
Friday,TRAIN-05,TRAIN-05,ALUVA_TO_TRIPUNITHURA,Aluva,Tripunithura Terminal,20:00:00,20:48:00,ACTIVE,
Friday,TRAIN-06,TRAIN-06,ALUVA_TO_TRIPUNITHURA,Aluva,Tripunithura Terminal,20:08:00,20:56:00,ACTIVE,
Friday,TRAIN-07,TRAIN-07,ALUVA_TO_TRIPUNITHURA,Aluva,Tripunithura Terminal,20:17:00,21:05:00,ACTIVE,
Friday,TRAIN-08,TRAIN-08,ALUVA_TO_TRIPUNITHURA,Aluva,Tripunithura Terminal,20:25:00,21:13:00,ACTIVE,
Friday,TRAIN-09,TRAIN-09,ALUVA_TO_TRIPUNITHURA,Aluva,Tripunithura Terminal,20:34:00,21:22:00,ACTIVE,
Friday,TRAIN-10,TRAIN-10,ALUVA_TO_TRIPUNITHURA,Aluva,Tripunithura Terminal,20:42:00,21:30:00,ACTIVE,
Friday,TRAIN-11,TRAIN-11,ALUVA_TO_TRIPUNITHURA,Aluva,Tripunithura Terminal,20:51:00,21:39:00,ACTIVE,
Friday,TRAIN-12,TRAIN-12,ALUVA_TO_TRIPUNITHURA,Aluva,Tripunithura Terminal,20:59:00,21:47:00,ACTIVE,
Friday,TRAIN-13,TRAIN-13,ALUVA_TO_TRIPUNITHURA,Aluva,Tripunithura Terminal,21:00:00,21:48:00,ACTIVE,
Friday,TRAIN-14,TRAIN-14,ALUVA_TO_TRIPUNITHURA,Aluva,Tripunithura Terminal,21:10:00,21:58:00,ACTIVE,
Friday,TRAIN-15,TRAIN-15,ALUVA_TO_TRIPUNITHURA,Aluva,Tripunithura Terminal,21:20:00,22:08:00,ACTIVE,
Friday,TRAIN-16,TRAIN-16,ALUVA_TO_TRIPUNITHURA,Aluva,Tripunithura Terminal,21:30:00,22:18:00,ACTIVE,
Friday,TRAIN-17,TRAIN-17,ALUVA_TO_TRIPUNITHURA,Aluva,Tripunithura Terminal,21:40:00,22:28:00,ACTIVE,
Friday,TRAIN-18,TRAIN-18,ALUVA_TO_TRIPUNITHURA,Aluva,Tripunithura Terminal,21:50:00,22:38:00,ACTIVE,
Friday,TRAIN-19,TRAIN-19,ALUVA_TO_TRIPUNITHURA,Aluva,Tripunithura Terminal,22:00:00,22:48:00,ACTIVE,
Friday,TRAIN-01,TRAIN-01,TRIPUNITHURA_TO_ALUVA,Tripunithura Terminal,Aluva,06:58:00,07:46:00,ACTIVE,
Friday,TRAIN-02,TRAIN-02,TRIPUNITHURA_TO_ALUVA,Tripunithura Terminal,Aluva,07:06:00,07:54:00,ACTIVE,
Friday,TRAIN-03,TRAIN-03,TRIPUNITHURA_TO_ALUVA,Tripunithura Terminal,Aluva,07:15:00,08:03:00,ACTIVE,
Friday,TRAIN-04,TRAIN-04,TRIPUNITHURA_TO_ALUVA,Tripunithura Terminal,Aluva,07:23:00,08:11:00,ACTIVE,
Friday,TRAIN-05,TRAIN-05,TRIPUNITHURA_TO_ALUVA,Tripunithura Terminal,Aluva,07:32:00,08:20:00,ACTIVE,
Friday,TRAIN-06,TRAIN-06,TRIPUNITHURA_TO_ALUVA,Tripunithura Terminal,Aluva,07:40:00,08:28:00,ACTIVE,
Friday,TRAIN-07,TRAIN-07,TRIPUNITHURA_TO_ALUVA,Tripunithura Terminal,Aluva,07:49:00,08:37:00,ACTIVE,
Friday,TRAIN-08,TRAIN-08,TRIPUNITHURA_TO_ALUVA,Tripunithura Terminal,Aluva,07:57:00,08:45:00,ACTIVE,
Friday,TRAIN-09,TRAIN-09,TRIPUNITHURA_TO_ALUVA,Tripunithura Terminal,Aluva,07:58:00,08:46:00,ACTIVE,
Friday,TRAIN-10,TRAIN-10,TRIPUNITHURA_TO_ALUVA,Tripunithura Terminal,Aluva,08:04:00,08:52:00,ACTIVE,
Friday,TRAIN-11,TRAIN-11,TRIPUNITHURA_TO_ALUVA,Tripunithura Terminal,Aluva,08:11:00,08:59:00,ACTIVE,
Friday,TRAIN-12,TRAIN-12,TRIPUNITHURA_TO_ALUVA,Tripunithura Terminal,Aluva,08:18:00,09:06:00,ACTIVE,
Friday,TRAIN-13,TRAIN-13,TRIPUNITHURA_TO_ALUVA,Tripunithura Terminal,Aluva,08:25:00,09:13:00,ACTIVE,
Friday,TRAIN-14,TRAIN-14,TRIPUNITHURA_TO_ALUVA,Tripunithura Terminal,Aluva,08:31:00,09:19:00,ACTIVE,
Friday,TRAIN-15,TRAIN-15,TRIPUNITHURA_TO_ALUVA,Tripunithura Terminal,Aluva,08:38:00,09:26:00,ACTIVE,
Friday,TRAIN-16,TRAIN-16,TRIPUNITHURA_TO_ALUVA,Tripunithura Terminal,Aluva,08:45:00,09:33:00,ACTIVE,
Friday,TRAIN-17,TRAIN-17,TRIPUNITHURA_TO_ALUVA,Tripunithura Terminal,Aluva,08:52:00,09:40:00,ACTIVE,
Friday,TRAIN-18,TRAIN-18,TRIPUNITHURA_TO_ALUVA,Tripunithura Terminal,Aluva,08:58:00,09:46:00,ACTIVE,
Friday,TRAIN-19,TRAIN-19,TRIPUNITHURA_TO_ALUVA,Tripunithura Terminal,Aluva,09:05:00,09:53:00,ACTIVE,
Friday,TRAIN-20,TRAIN-20,TRIPUNITHURA_TO_ALUVA,Tripunithura Terminal,Aluva,09:12:00,10:00:00,ACTIVE,
Friday,TRAIN-21,TRAIN-21,TRIPUNITHURA_TO_ALUVA,Tripunithura Terminal,Aluva,09:19:00,10:07:00,ACTIVE,
Friday,TRAIN-22,TRAIN-22,TRIPUNITHURA_TO_ALUVA,Tripunithura Terminal,Aluva,09:25:00,10:13:00,ACTIVE,
Friday,TRAIN-23,TRAIN-23,TRIPUNITHURA_TO_ALUVA,Tripunithura Terminal,Aluva,09:32:00,10:20:00,ACTIVE,
Friday,TRAIN-24,TRAIN-24,TRIPUNITHURA_TO_ALUVA,Tripunithura Terminal,Aluva,09:39:00,10:27:00,ACTIVE,
Friday,TRAIN-25,TRAIN-25,TRIPUNITHURA_TO_ALUVA,Tripunithura Terminal,Aluva,09:46:00,10:34:00,ACTIVE,
Friday,TRAIN-01,TRAIN-01,TRIPUNITHURA_TO_ALUVA,Tripunithura Terminal,Aluva,09:52:00,10:40:00,ACTIVE,
Friday,TRAIN-02,TRAIN-02,TRIPUNITHURA_TO_ALUVA,Tripunithura Terminal,Aluva,09:58:00,10:46:00,ACTIVE,
Friday,TRAIN-03,TRAIN-03,TRIPUNITHURA_TO_ALUVA,Tripunithura Terminal,Aluva,10:06:00,10:54:00,ACTIVE,
Friday,TRAIN-04,TRAIN-04,TRIPUNITHURA_TO_ALUVA,Tripunithura Terminal,Aluva,10:15:00,11:03:00,ACTIVE,
Friday,TRAIN-05,TRAIN-05,TRIPUNITHURA_TO_ALUVA,Tripunithura Terminal,Aluva,10:23:00,11:11:00,ACTIVE,
Friday,TRAIN-06,TRAIN-06,TRIPUNITHURA_TO_ALUVA,Tripunithura Terminal,Aluva,10:32:00,11:20:00,ACTIVE,
Friday,TRAIN-07,TRAIN-07,TRIPUNITHURA_TO_ALUVA,Tripunithura Terminal,Aluva,10:40:00,11:28:00,ACTIVE,
Friday,TRAIN-08,TRAIN-08,TRIPUNITHURA_TO_ALUVA,Tripunithura Terminal,Aluva,10:49:00,11:37:00,ACTIVE,
Friday,TRAIN-09,TRAIN-09,TRIPUNITHURA_TO_ALUVA,Tripunithura Terminal,Aluva,10:57:00,11:45:00,ACTIVE,
Friday,TRAIN-10,TRAIN-10,TRIPUNITHURA_TO_ALUVA,Tripunithura Terminal,Aluva,11:06:00,11:54:00,ACTIVE,
Friday,TRAIN-11,TRAIN-11,TRIPUNITHURA_TO_ALUVA,Tripunithura Terminal,Aluva,11:14:00,12:02:00,ACTIVE,
Friday,TRAIN-12,TRAIN-12,TRIPUNITHURA_TO_ALUVA,Tripunithura Terminal,Aluva,11:23:00,12:11:00,ACTIVE,
Friday,TRAIN-13,TRAIN-13,TRIPUNITHURA_TO_ALUVA,Tripunithura Terminal,Aluva,11:31:00,12:19:00,ACTIVE,
Friday,TRAIN-14,TRAIN-14,TRIPUNITHURA_TO_ALUVA,Tripunithura Terminal,Aluva,11:40:00,12:28:00,ACTIVE,
Friday,TRAIN-15,TRAIN-15,TRIPUNITHURA_TO_ALUVA,Tripunithura Terminal,Aluva,11:48:00,12:36:00,ACTIVE,
Friday,TRAIN-16,TRAIN-16,TRIPUNITHURA_TO_ALUVA,Tripunithura Terminal,Aluva,11:57:00,12:45:00,ACTIVE,
Friday,TRAIN-17,TRAIN-17,TRIPUNITHURA_TO_ALUVA,Tripunithura Terminal,Aluva,11:58:00,12:46:00,ACTIVE,
Friday,TRAIN-18,TRAIN-18,TRIPUNITHURA_TO_ALUVA,Tripunithura Terminal,Aluva,12:08:00,12:56:00,ACTIVE,
Friday,TRAIN-19,TRAIN-19,TRIPUNITHURA_TO_ALUVA,Tripunithura Terminal,Aluva,12:18:00,13:06:00,ACTIVE,
Friday,TRAIN-20,TRAIN-20,TRIPUNITHURA_TO_ALUVA,Tripunithura Terminal,Aluva,12:28:00,13:16:00,ACTIVE,
Friday,TRAIN-21,TRAIN-21,TRIPUNITHURA_TO_ALUVA,Tripunithura Terminal,Aluva,12:38:00,13:26:00,ACTIVE,
Friday,TRAIN-22,TRAIN-22,TRIPUNITHURA_TO_ALUVA,Tripunithura Terminal,Aluva,12:48:00,13:36:00,ACTIVE,
Friday,TRAIN-23,TRAIN-23,TRIPUNITHURA_TO_ALUVA,Tripunithura Terminal,Aluva,12:58:00,13:46:00,ACTIVE,
Friday,TRAIN-24,TRAIN-24,TRIPUNITHURA_TO_ALUVA,Tripunithura Terminal,Aluva,13:08:00,13:56:00,ACTIVE,
Friday,TRAIN-25,TRAIN-25,TRIPUNITHURA_TO_ALUVA,Tripunithura Terminal,Aluva,13:18:00,14:06:00,ACTIVE,
Friday,TRAIN-01,TRAIN-01,TRIPUNITHURA_TO_ALUVA,Tripunithura Terminal,Aluva,13:28:00,14:16:00,ACTIVE,
Friday,TRAIN-02,TRAIN-02,TRIPUNITHURA_TO_ALUVA,Tripunithura Terminal,Aluva,13:38:00,14:26:00,ACTIVE,
Friday,TRAIN-03,TRAIN-03,TRIPUNITHURA_TO_ALUVA,Tripunithura Terminal,Aluva,13:48:00,14:36:00,ACTIVE,
Friday,TRAIN-04,TRAIN-04,TRIPUNITHURA_TO_ALUVA,Tripunithura Terminal,Aluva,13:58:00,14:46:00,ACTIVE,
Friday,TRAIN-05,TRAIN-05,TRIPUNITHURA_TO_ALUVA,Tripunithura Terminal,Aluva,14:08:00,14:56:00,ACTIVE,
Friday,TRAIN-06,TRAIN-06,TRIPUNITHURA_TO_ALUVA,Tripunithura Terminal,Aluva,14:18:00,15:06:00,ACTIVE,
Friday,TRAIN-07,TRAIN-07,TRIPUNITHURA_TO_ALUVA,Tripunithura Terminal,Aluva,14:28:00,15:16:00,ACTIVE,
Friday,TRAIN-08,TRAIN-08,TRIPUNITHURA_TO_ALUVA,Tripunithura Terminal,Aluva,14:38:00,15:26:00,ACTIVE,
Friday,TRAIN-09,TRAIN-09,TRIPUNITHURA_TO_ALUVA,Tripunithura Terminal,Aluva,14:48:00,15:36:00,ACTIVE,
Friday,TRAIN-10,TRAIN-10,TRIPUNITHURA_TO_ALUVA,Tripunithura Terminal,Aluva,14:58:00,15:46:00,ACTIVE,
Friday,TRAIN-11,TRAIN-11,TRIPUNITHURA_TO_ALUVA,Tripunithura Terminal,Aluva,15:08:00,15:56:00,ACTIVE,
Friday,TRAIN-12,TRAIN-12,TRIPUNITHURA_TO_ALUVA,Tripunithura Terminal,Aluva,15:18:00,16:06:00,ACTIVE,
Friday,TRAIN-13,TRAIN-13,TRIPUNITHURA_TO_ALUVA,Tripunithura Terminal,Aluva,15:28:00,16:16:00,ACTIVE,
Friday,TRAIN-14,TRAIN-14,TRIPUNITHURA_TO_ALUVA,Tripunithura Terminal,Aluva,15:38:00,16:26:00,ACTIVE,
Friday,TRAIN-15,TRAIN-15,TRIPUNITHURA_TO_ALUVA,Tripunithura Terminal,Aluva,15:48:00,16:36:00,ACTIVE,
Friday,TRAIN-16,TRAIN-16,TRIPUNITHURA_TO_ALUVA,Tripunithura Terminal,Aluva,15:58:00,16:46:00,ACTIVE,
Friday,TRAIN-17,TRAIN-17,TRIPUNITHURA_TO_ALUVA,Tripunithura Terminal,Aluva,16:08:00,16:56:00,ACTIVE,
Friday,TRAIN-18,TRAIN-18,TRIPUNITHURA_TO_ALUVA,Tripunithura Terminal,Aluva,16:18:00,17:06:00,ACTIVE,
Friday,TRAIN-19,TRAIN-19,TRIPUNITHURA_TO_ALUVA,Tripunithura Terminal,Aluva,16:28:00,17:16:00,ACTIVE,
Friday,TRAIN-20,TRAIN-20,TRIPUNITHURA_TO_ALUVA,Tripunithura Terminal,Aluva,16:38:00,17:26:00,ACTIVE,
Friday,TRAIN-21,TRAIN-21,TRIPUNITHURA_TO_ALUVA,Tripunithura Terminal,Aluva,16:48:00,17:36:00,ACTIVE,
Friday,TRAIN-22,TRAIN-22,TRIPUNITHURA_TO_ALUVA,Tripunithura Terminal,Aluva,16:58:00,17:46:00,ACTIVE,
Friday,TRAIN-23,TRAIN-23,TRIPUNITHURA_TO_ALUVA,Tripunithura Terminal,Aluva,17:08:00,17:56:00,ACTIVE,
Friday,TRAIN-24,TRAIN-24,TRIPUNITHURA_TO_ALUVA,Tripunithura Terminal,Aluva,17:18:00,18:06:00,ACTIVE,
Friday,TRAIN-25,TRAIN-25,TRIPUNITHURA_TO_ALUVA,Tripunithura Terminal,Aluva,17:28:00,18:16:00,ACTIVE,
Friday,TRAIN-01,TRAIN-01,TRIPUNITHURA_TO_ALUVA,Tripunithura Terminal,Aluva,17:38:00,18:26:00,ACTIVE,
Friday,TRAIN-02,TRAIN-02,TRIPUNITHURA_TO_ALUVA,Tripunithura Terminal,Aluva,17:48:00,18:36:00,ACTIVE,
Friday,TRAIN-03,TRAIN-03,TRIPUNITHURA_TO_ALUVA,Tripunithura Terminal,Aluva,17:58:00,18:46:00,ACTIVE,
Friday,TRAIN-04,TRAIN-04,TRIPUNITHURA_TO_ALUVA,Tripunithura Terminal,Aluva,18:04:00,18:52:00,ACTIVE,
Friday,TRAIN-05,TRAIN-05,TRIPUNITHURA_TO_ALUVA,Tripunithura Terminal,Aluva,18:11:00,18:59:00,ACTIVE,
Friday,TRAIN-06,TRAIN-06,TRIPUNITHURA_TO_ALUVA,Tripunithura Terminal,Aluva,18:18:00,19:06:00,ACTIVE,
Friday,TRAIN-07,TRAIN-07,TRIPUNITHURA_TO_ALUVA,Tripunithura Terminal,Aluva,18:25:00,19:13:00,ACTIVE,
Friday,TRAIN-08,TRAIN-08,TRIPUNITHURA_TO_ALUVA,Tripunithura Terminal,Aluva,18:31:00,19:19:00,ACTIVE,
Friday,TRAIN-09,TRAIN-09,TRIPUNITHURA_TO_ALUVA,Tripunithura Terminal,Aluva,18:38:00,19:26:00,ACTIVE,
Friday,TRAIN-10,TRAIN-10,TRIPUNITHURA_TO_ALUVA,Tripunithura Terminal,Aluva,18:45:00,19:33:00,ACTIVE,
Friday,TRAIN-11,TRAIN-11,TRIPUNITHURA_TO_ALUVA,Tripunithura Terminal,Aluva,18:52:00,19:40:00,ACTIVE,
Friday,TRAIN-12,TRAIN-12,TRIPUNITHURA_TO_ALUVA,Tripunithura Terminal,Aluva,18:58:00,19:46:00,ACTIVE,
Friday,TRAIN-13,TRAIN-13,TRIPUNITHURA_TO_ALUVA,Tripunithura Terminal,Aluva,19:05:00,19:53:00,ACTIVE,
Friday,TRAIN-14,TRAIN-14,TRIPUNITHURA_TO_ALUVA,Tripunithura Terminal,Aluva,19:12:00,20:00:00,ACTIVE,
Friday,TRAIN-15,TRAIN-15,TRIPUNITHURA_TO_ALUVA,Tripunithura Terminal,Aluva,19:19:00,20:07:00,ACTIVE,
Friday,TRAIN-16,TRAIN-16,TRIPUNITHURA_TO_ALUVA,Tripunithura Terminal,Aluva,19:25:00,20:13:00,ACTIVE,
Friday,TRAIN-17,TRAIN-17,TRIPUNITHURA_TO_ALUVA,Tripunithura Terminal,Aluva,19:32:00,20:20:00,ACTIVE,
Friday,TRAIN-18,TRAIN-18,TRIPUNITHURA_TO_ALUVA,Tripunithura Terminal,Aluva,19:39:00,20:27:00,ACTIVE,
Friday,TRAIN-19,TRAIN-19,TRIPUNITHURA_TO_ALUVA,Tripunithura Terminal,Aluva,19:46:00,20:34:00,ACTIVE,
Friday,TRAIN-20,TRAIN-20,TRIPUNITHURA_TO_ALUVA,Tripunithura Terminal,Aluva,19:52:00,20:40:00,ACTIVE,
Friday,TRAIN-21,TRAIN-21,TRIPUNITHURA_TO_ALUVA,Tripunithura Terminal,Aluva,19:59:00,20:47:00,ACTIVE,
Friday,TRAIN-22,TRAIN-22,TRIPUNITHURA_TO_ALUVA,Tripunithura Terminal,Aluva,20:06:00,20:54:00,ACTIVE,
Friday,TRAIN-23,TRAIN-23,TRIPUNITHURA_TO_ALUVA,Tripunithura Terminal,Aluva,20:13:00,21:01:00,ACTIVE,
Friday,TRAIN-24,TRAIN-24,TRIPUNITHURA_TO_ALUVA,Tripunithura Terminal,Aluva,20:19:00,21:07:00,ACTIVE,
Friday,TRAIN-25,TRAIN-25,TRIPUNITHURA_TO_ALUVA,Tripunithura Terminal,Aluva,20:26:00,21:14:00,ACTIVE,
Friday,TRAIN-01,TRAIN-01,TRIPUNITHURA_TO_ALUVA,Tripunithura Terminal,Aluva,20:33:00,21:21:00,ACTIVE,
Friday,TRAIN-02,TRAIN-02,TRIPUNITHURA_TO_ALUVA,Tripunithura Terminal,Aluva,20:40:00,21:28:00,ACTIVE,
Friday,TRAIN-03,TRAIN-03,TRIPUNITHURA_TO_ALUVA,Tripunithura Terminal,Aluva,20:46:00,21:34:00,ACTIVE,
Friday,TRAIN-04,TRAIN-04,TRIPUNITHURA_TO_ALUVA,Tripunithura Terminal,Aluva,20:53:00,21:41:00,ACTIVE,
Friday,TRAIN-05,TRAIN-05,TRIPUNITHURA_TO_ALUVA,Tripunithura Terminal,Aluva,20:58:00,21:46:00,ACTIVE,
Friday,TRAIN-06,TRAIN-06,TRIPUNITHURA_TO_ALUVA,Tripunithura Terminal,Aluva,21:06:00,21:54:00,ACTIVE,
Friday,TRAIN-07,TRAIN-07,TRIPUNITHURA_TO_ALUVA,Tripunithura Terminal,Aluva,21:15:00,22:03:00,ACTIVE,
Friday,TRAIN-08,TRAIN-08,TRIPUNITHURA_TO_ALUVA,Tripunithura Terminal,Aluva,21:23:00,22:11:00,ACTIVE,
Friday,TRAIN-09,TRAIN-09,TRIPUNITHURA_TO_ALUVA,Tripunithura Terminal,Aluva,21:32:00,22:20:00,ACTIVE,
Friday,TRAIN-10,TRAIN-10,TRIPUNITHURA_TO_ALUVA,Tripunithura Terminal,Aluva,21:40:00,22:28:00,ACTIVE,
Friday,TRAIN-11,TRAIN-11,TRIPUNITHURA_TO_ALUVA,Tripunithura Terminal,Aluva,21:49:00,22:37:00,ACTIVE,
Friday,TRAIN-12,TRAIN-12,TRIPUNITHURA_TO_ALUVA,Tripunithura Terminal,Aluva,21:57:00,22:45:00,ACTIVE,
Friday,TRAIN-13,TRAIN-13,TRIPUNITHURA_TO_ALUVA,Tripunithura Terminal,Aluva,21:58:00,22:46:00,ACTIVE,
Friday,TRAIN-14,TRAIN-14,TRIPUNITHURA_TO_ALUVA,Tripunithura Terminal,Aluva,22:08:00,22:56:00,ACTIVE,
Friday,TRAIN-15,TRAIN-15,TRIPUNITHURA_TO_ALUVA,Tripunithura Terminal,Aluva,22:18:00,23:06:00,ACTIVE,
Friday,TRAIN-16,TRAIN-16,TRIPUNITHURA_TO_ALUVA,Tripunithura Terminal,Aluva,22:28:00,23:16:00,ACTIVE,
Friday,TRAIN-17,TRAIN-17,TRIPUNITHURA_TO_ALUVA,Tripunithura Terminal,Aluva,22:38:00,23:26:00,ACTIVE,
Friday,TRAIN-18,TRAIN-18,TRIPUNITHURA_TO_ALUVA,Tripunithura Terminal,Aluva,22:48:00,23:36:00,ACTIVE,
Friday,TRAIN-19,TRAIN-19,TRIPUNITHURA_TO_ALUVA,Tripunithura Terminal,Aluva,22:58:00,23:46:00,ACTIVE,
